ID,task_achievement,coherence_and_cohesion,lexical_resource,grammatical_range
1,6.565990506414547,6.338762412107322,5.763445029328459,6.159204577022054
2,6.835972982356379,6.5401127201737115,6.3193408040340735,6.294313565915788
3,6.149388399536033,5.502913678873297,5.3143431241545604,5.63620547734243
4,6.445428932226282,6.591731119214929,5.953429395538355,6.11423645792743
5,6.733790451105246,7.112430987417949,6.656181789957233,6.349414347591638
6,6.030433279058774,5.726022091965924,5.652029078755566,5.591709747106869
7,6.348781820715492,6.163016880251842,6.157073344080197,5.810031351348861
8,6.95049257436691,7.209427434705943,6.637199767941933,6.474255585354113
9,6.210043463440032,5.850354667733175,5.893069949954801,5.8441496907747394
10,6.356386695616254,6.028816295999476,5.7714910276222655,5.7884342426782585
11,6.388973804129246,6.169456741272411,5.930831285924434,5.774879608761294
12,6.554667094036262,6.705795225632703,6.299286369270873,6.035174814762403
13,6.656920317159871,6.924766224370421,6.247465745941461,6.0635425171549855
14,6.982211215133624,7.222367796741725,6.653201959504876,6.446320166042279
15,6.803179271668488,7.061318217545014,6.29714972276437,6.308178897718242
16,6.790547508276931,6.926672567027175,6.327753119006972,6.218187991203432
17,6.945738370318303,7.182370173313676,6.640454497086735,6.513313111880458
18,6.27017104313849,5.553412034405252,5.596434939407785,5.7258385212014185
19,6.917849789445683,6.990672771016116,6.622532155028259,6.405143858481448
20,6.659853475508963,6.899857363794351,6.410336608484312,6.393337592777704
21,6.932968317508139,7.099036905730785,6.585661844794404,6.582008062339541
22,6.286515386316776,6.620719963785488,5.934539295150619,6.129945291266317
23,7.183743396928138,7.316032405571575,6.891506749713701,6.514553247060186
24,6.432105967050902,5.937664287950639,5.729289654225464,5.764029371124227
25,6.882937158198983,7.0487984563111485,6.468316227525956,6.556500609947494
26,6.6993176489335795,6.944274907923565,6.485917842957974,6.247054254754863
27,6.695266959616581,6.735838182363797,6.331253767002097,6.226101853609107
28,6.688262249196444,6.848712215213002,6.258070426994849,5.9882665737349425
29,6.920072616231428,7.018124919801102,6.609494921130534,6.5196290087204325
30,6.879421189708074,6.968390008262317,6.48907462816822,6.323438375691218
31,6.749241839590849,6.952466971638579,6.307566199435007,6.33609195091647
32,6.852286642290364,7.096156995595509,6.383759925239002,6.286157567459922
33,6.549286787022066,6.72154912699571,6.264626101414631,6.122413529837778
34,6.5685979433451305,6.1015512290791,6.103203911299558,5.901520425290288
35,6.851346058682124,7.07363282895103,6.270911494233452,6.312158568263654
36,6.448578612098693,6.497973577614556,6.3469560329731705,6.2755991935562045
37,6.789034812121613,6.9978445117936925,6.478641251369737,6.461124438662576
38,6.357331546709638,6.209032880180185,5.267152644707809,5.274592126915496
39,6.610089953218761,6.56032446812453,5.8138728376949445,5.938127930310701
40,6.575828665873481,6.609957165434977,6.022767896355089,6.0367781084538175
41,6.895631254557463,7.207141471877539,6.682614849923948,6.4945736734230755
42,6.801822035339397,7.04101183659836,6.525893742230116,6.184825701931071
43,6.5467825106880575,6.281210424662709,5.852198609590727,5.71479056313046
44,6.94790675167509,6.940977744573617,6.428509972573436,6.263101582927592
45,6.625139377517222,5.797906172687418,6.028013534673634,5.9821874510486275
46,6.784883525235077,6.716959322640793,6.4002795306603755,6.3136558064424255
47,6.959558437167038,6.997407839099629,6.452428239503756,6.2350814618349
48,6.78580101373563,6.681132026074538,6.630899124914322,6.264359316631391
49,6.867860646502032,6.993489704916989,6.378033616391964,6.232168190087143
50,6.9361662973115665,7.074356683886468,6.577148646352283,6.506641329720324
51,6.3181490976644445,5.909412447452949,6.093079791883459,5.846842653848383
52,6.521037846394706,6.530449334675396,6.117807558214867,5.872932215941284
53,6.580272387523763,6.62425952040357,6.044104984879587,6.143639163073172
54,7.052117477223094,7.274549317805793,6.648133677126236,6.522224276194606
55,6.5034590226275535,6.081965179788949,6.003898696319494,5.9990873398568505
56,6.917473638902359,6.847215725536074,6.411380498054291,6.439613575529048
57,6.62331013641268,6.290653286465806,6.034580046752885,5.992641337322945
58,6.874539555331733,7.048249866433297,6.452024745106092,6.21962850451839
59,6.475937823318627,6.641780944748309,6.178327314828144,5.836527659502197
60,7.069531466336955,7.258660566797989,6.795063362048752,6.574170831812399
61,6.979031405435505,7.110118290845786,6.647349621010017,6.501257936615318
62,6.599139558383273,6.746070924902993,6.174334044093254,6.095037766758445
63,6.419391629690003,6.7630699520213895,6.095670481292724,6.003881136742749
64,6.592626768435894,6.684650867239733,6.192928398900156,6.284538884221476
65,6.387968431355574,6.194387780175629,5.674700084864939,5.912194869715035
66,5.900813999469904,5.683155037826786,5.692279462075206,5.445909773093454
67,5.648039980016742,4.621880992149001,4.993227841827779,4.538311785882437
68,6.988693268250704,7.185321113456337,6.462471133315959,6.593575159256612
69,6.864108713648777,6.9511886086629255,6.603670259866375,6.444455411089007
70,6.608928324473875,7.0084189134661194,6.5982292122644814,6.546392141414702
71,6.935851962252499,7.232191877805988,6.642729737638702,6.507749140276714
72,6.671149290473783,6.633563547990046,6.285668297661778,6.198327326612494
73,6.898234054251271,7.195059811772206,6.599725015893073,6.505556627789458
74,6.751013385217896,6.354290297535203,6.1949870869061145,5.890954110674764
75,5.578850144607927,4.7158327966037445,4.619362093167001,4.6750474366117025
76,6.562069359775349,6.297925075965048,6.135898130059626,5.915910952204162
77,6.65586972758507,6.825007426793692,6.4444675570872505,6.294393040988157
78,6.882289513606208,6.768384344122617,6.398813208743238,6.0669569031043675
79,6.783731763041292,6.807683148249159,6.406484176374172,6.344050242148199
80,6.955776634936365,7.092137189925701,6.687107964652239,6.410132511739753
81,6.892420377583192,7.140581998390677,6.682537521135153,6.608191877008206
82,6.984400771023203,7.262139306872743,6.511520475950651,6.49681398171483
83,6.795622068305337,6.946221418468707,6.558756694336284,6.330661592712939
84,7.0617202899292275,7.020926928520535,6.740425514830431,6.450838705064382
85,4.6028545081920065,4.237427011430371,4.372099265083469,4.054224690802615
86,6.494629708051739,6.413904245310901,5.752527027606073,5.778028284252468
87,6.480818503155067,6.749958256707698,5.850309741122611,6.19021406174137
88,6.17557339585958,5.351816386745001,5.34106393284942,5.015644740092437
89,6.680806605370096,6.670325845278551,6.435050325109122,6.069736960514081
90,6.604753934534774,6.730084780098319,5.8595400808358855,6.001887687772206
91,6.78682658541705,6.961385505813291,6.373362314974119,6.355301559850461
92,6.821111499872887,6.959717420113101,6.333791842173922,6.087422528758976
93,6.9604075258778035,7.094406278489662,6.415474863515624,6.346222216214813
94,6.626572740612448,6.884021659316635,6.343033485959089,6.182788211045301
95,6.836752972638778,7.00175823392776,6.354462399959287,6.496668712671665
96,6.768275982252744,6.909090716371227,6.4326892024026066,6.246084951636277
97,7.011202150666785,7.067571122402432,6.547344470712557,6.401012212711594
98,6.551239228074484,6.747877359789543,6.39527917581893,6.448914480895333
99,6.763529200639544,7.005985519721209,6.460419480209706,6.136195980843369
100,6.553113306513325,6.821683751907008,6.1151424233066685,6.292622449387971
101,6.964798837312094,7.228140600587491,6.48616605516283,6.253494666891692
102,6.7190196081814415,6.939548163710703,6.272752919078442,6.3411301848924815
103,6.4244026873310505,6.579081459819623,5.954034798871209,6.198365017591068
104,6.5671296391349285,6.6718546279947155,6.0867838396377065,5.918461605162942
105,6.840961960591634,7.021639570864023,6.465609822271644,6.51497885287745
106,6.218014919862649,6.5201002264325165,5.914227802080007,5.749749281886895
107,6.827145285745153,6.912119646067814,6.488194857080555,6.2030601360166955
108,7.0208717724092375,7.341693008742536,6.789884977989266,6.640317217574628
109,6.849403293797423,7.071171512397373,6.566730040915036,6.578684866966552
110,7.008133610860175,7.249206733378296,6.845546464272291,6.732921869948639
111,6.942655712945477,7.3580383043716635,6.807200077486937,6.617406523818691
112,2.3437413857902283,1.62858561306078,1.3703488339324534,2.1006076348948097
113,6.837674972469579,6.985227602527151,6.518828502151013,6.364448681557549
114,7.181275362853828,7.420464132445626,6.897824204053886,6.707484834946042
115,7.072597160785661,7.243565369127509,6.712847779045564,6.5254590248534345
116,6.8490739928241755,6.97573568621241,6.518931853951608,6.3343330115001315
117,6.7606008178026,7.047159832529259,6.524534002883132,6.395663394322952
118,6.805850286830663,7.000720937932744,6.421830081535061,6.422713405669951
119,6.827627612480387,6.6747923343980675,6.359543036207422,6.292631925912367
120,6.919263386043292,7.030517898019745,6.581989512900252,6.429298592190548
121,7.044571137020983,7.097655517934195,6.560851181100626,6.491024866225207
122,6.5139846363086455,6.1684680448757145,6.088169892591557,5.761459809723479
123,6.791180311102785,6.944671831963956,6.3042138555478715,6.286903673126319
124,6.325524207510054,5.69352760296781,5.677477959526121,5.437743843681179
125,6.5364553498235445,6.122328866706091,5.906926874388313,5.7317942193126985
126,6.872676494969029,7.024636779956647,6.23900400426378,6.1296417436736
127,6.897711244155751,6.991949450971187,6.68671059967364,6.391012436791158
128,6.781823838415223,6.781342041771788,6.3651038704731695,6.234678266616744
129,6.645158788354469,6.565267885883282,6.218281726453285,6.099754136565978
130,6.982216573791528,7.181080725504043,6.580938122358193,6.444236231776083
131,6.69002671342967,7.025111540823502,6.408060069793234,6.062758821954182
132,6.963681486328542,7.048837122902747,6.528565292016298,6.417689180709924
133,7.048469098547715,7.170990234697453,6.532184398190115,6.392452480106658
134,6.955214490984965,6.722956776142514,6.279181654485163,6.279869532669602
135,6.521559153472041,6.749164974480006,6.201066470395101,6.144716288519646
136,6.809256716057029,6.866529631817341,6.389771252034262,6.22182765411723
137,6.977020804938195,7.173807903798296,6.758159363046387,6.559216136565321
138,6.906912100076095,7.0027488356203715,6.5496187403708594,6.440138966381712
139,6.556395336233906,6.627531318459769,6.098495059584179,6.021957141849696
140,7.065406295255186,7.343624760176807,6.708493965310285,6.5758050731261
141,6.763617130082313,6.753767962277141,6.157937377459712,6.279210782643172
142,6.51896760069296,6.584152840025826,6.272690439473864,6.143578697630035
143,6.626811303959739,6.443468735798365,6.175345262326038,6.0885835867064815
144,6.534133127507714,6.540736561566986,6.216090883840645,6.04180125612089
145,6.855019537147618,7.096905404539499,6.588373045897831,6.373233851161079
146,6.64362630726837,6.544324751228086,6.393727571612575,6.267259947050601
147,6.870067726593841,6.992508423730589,6.590748076944586,6.415818770584926
148,6.540668558775966,6.280997499157008,6.191676376601572,5.910941666619993
149,6.487912259039494,6.6947422971494035,6.083679534325298,6.0298963240551915
150,6.8552769515656236,7.016179082908849,6.411766047768399,6.323058164289868
151,6.906573628796293,6.957413391173,6.538206039604954,6.444537212455758
152,6.911320591642816,6.940734286482631,6.339054204285406,6.34156783213293
153,7.042418553190194,7.183822363314343,6.645130891844591,6.4924791127483426
154,6.933525816337437,7.318845388670263,6.7160969648881395,6.490739742865428
155,6.950083811031604,7.097791526254589,6.630615566345015,6.367580260270117
156,6.983978114841953,7.236534541556688,6.690718728762311,6.504892199744046
157,6.648107777465471,6.509362381435157,6.222344955167199,6.350293101194015
158,6.8657901430530215,6.645542357233448,6.337527006412531,6.377432612620676
159,6.6614359632293345,6.525455854616848,6.107896558708431,6.299097043648108
160,6.9320120329094115,7.076831212626575,6.427889226316545,6.449852254583516
161,6.756569161232833,7.159344832029787,6.504215474498192,6.520112581909504
162,6.695353391611622,7.050282400422313,6.37051288645583,6.38697734778138
163,6.914464350992485,7.10294872449016,6.439619164858854,6.475105155084754
164,7.012946045876371,7.205149806282247,6.44670066734902,6.5657265707605825
165,6.710998643313785,7.039491606955288,6.549335881888557,6.268784229494913
166,6.975389684193421,7.140840794560211,6.40168466365239,6.157184393902367
167,6.6682107712714895,6.9261193982754445,6.324164084744447,6.25343354735515
168,6.919379036469255,7.154684814075377,6.687903984522657,6.212273693246376
169,6.485856292325826,6.604035622203963,6.159358571246352,6.156931287851041
170,6.5844834228839115,6.587100742578581,6.4020064384204565,6.313045116891596
171,6.702119629523102,6.940300714329836,6.590171030457789,6.267440761898023
172,6.435814146438349,6.4727598517028,6.1012364786612165,5.866663334617725
173,6.890396670021696,7.045120654045977,6.6936879425944875,6.388218240215573
174,6.9421717046682785,7.225588466839152,6.41668126906796,6.374553348604241
175,6.772427090961465,6.917267833760497,6.428208018511706,6.291356091241887
176,6.8766581263103435,7.113588789764079,6.414259787790748,6.510071023328432
177,6.001017050548579,5.35632428015478,5.020393070939495,5.097907711392751
178,5.045954941185884,4.174671045287116,4.430482548190377,4.170716218942284
179,6.3946341305326,6.435642063181643,6.185741713812411,6.083164343740985
180,6.160234774487996,5.747239815131054,5.37877133411797,5.467411258374131
181,6.529110888175101,6.687718527341392,6.4521935782394175,6.357613479750827
182,6.966584337072883,7.2798498494825035,6.795209746460067,6.549766127590855
183,6.490284257814721,5.997921201839899,5.655373411476802,5.839256122457699
184,6.347596787765806,6.022133199565391,5.774915001358989,5.817112012329382
185,6.98020661210459,7.178012117151697,6.774599626654832,6.617601531665908
186,6.230821087346249,6.721902349440058,6.325690964474801,6.122889999958836
187,6.643052783555398,6.946067925048259,6.006910726881311,5.995096162507205
188,6.744144637836993,7.004334974871839,6.325574418260849,6.462260934954069
189,6.464935492091584,6.696089908245833,6.003939773189392,6.152093409772228
190,4.471990427729293,3.439369203108788,3.1084906954931637,4.054484497601213
191,6.379909217664952,6.32893057000603,6.112753600841499,5.989599575836786
192,6.605139822884872,6.78393567245847,6.456539078120869,6.4374300099749595
193,6.698074559205873,7.033541720136692,6.320632339944879,6.442918579242174
194,6.393188518159618,6.483826522206498,6.100863999584529,6.073520469893595
195,6.6370099569667085,6.538579598804917,6.262059851788414,6.124739372978581
196,6.497945825640025,6.599472869238993,6.264241112433179,6.131853823276918
197,6.623187125738817,6.9079604192452,6.234703971782858,6.15246786815538
198,7.00264802036615,7.277848804875062,6.6029813341727195,6.459696560092131
199,5.91571510855805,5.87317287203763,5.005630383153247,5.388079719085051
200,6.541906956238959,6.354583098606866,6.333336790296361,5.782710375342338
201,6.995355316648292,7.331394690936769,6.635859688095561,6.560464669002956
202,7.054025715395345,7.1258235017219205,6.791854807447195,6.370478037953754
203,6.835806990069611,6.992722654774487,6.513294003595239,6.348915630581368
204,6.774764650069508,6.949007872113205,6.403746133392998,6.353658049353346
205,6.451599784207496,6.388982411681156,6.122101200296205,5.807997197354119
206,6.968868480223239,7.108056283533279,6.574573181918827,6.3148622380150075
207,6.946818519058853,7.166528814359589,6.486201204365417,6.459383423413188
208,6.545366900293892,6.694287809787032,5.950607308381381,6.237531961411034
209,6.696536067401133,6.561150457263295,6.09166451264612,6.07258840879978
210,6.635772883560628,6.723194974763736,6.276862441035104,6.029972610634712
211,6.484471527587855,6.73738801147952,6.183841582802036,6.190235454581774
212,6.713975831210769,6.983340646186552,6.467873197037351,6.285924300118631
213,6.684361916374063,6.861882916728328,6.47452717832485,6.3440815313391585
214,6.723026410362779,6.7200337720730925,6.412379859202756,6.160782372305411
215,6.724483074458084,6.638256142427486,6.072904495399871,5.8969540891395695
216,6.603490226232569,6.788331792952831,6.325577496948614,6.249381744456569
217,6.154939813292629,6.138125138346656,5.81327028201164,5.816858809879463
218,7.022335427559751,7.015838673282904,6.612304583666776,6.484096585921786
219,6.921471457055104,7.0902025292323705,6.640654147430888,6.504741939053156
220,6.9270083347417035,6.970886976253364,6.599775050747719,6.216715282674509
221,6.82585445049495,6.963382317700574,6.538613936963649,6.481356364703337
222,7.009231238186642,7.375849587784702,6.5950148651189675,6.469261160852436
223,6.501779010999084,6.1263081707657525,5.447413203996537,6.011607871537541
224,6.527902912312299,6.703410935195497,6.465186649969823,6.467647051847117
225,6.528821882380364,6.807190251251649,5.973128193299177,6.092648972168121
226,7.002483665208857,7.266179661125259,6.616375688148159,6.747705128597997
227,6.804225837057833,7.125991727219034,6.521164653032065,6.527974550009917
228,6.941662400626591,6.936054218524311,6.557434321704199,6.374004837016373
229,6.712505814728451,6.987431309882219,6.231715264062775,6.2431559844872675
230,6.647265422410754,6.379931011971063,5.775616910645447,6.086462636432099
231,6.868627548655829,7.178204811692082,6.371691795799706,6.368072651839709
232,6.808819393722957,6.966280025590926,6.4084426564643495,6.180474004295356
233,6.715195265533439,6.567107545603896,6.064880590649026,6.044809179438081
234,6.984170416805718,7.373332380776309,6.705418716303485,6.513940152220094
235,6.721215415551782,6.537369796738022,6.091312588560843,6.27649232028179
236,5.161369070108519,4.7244482298838655,4.3751540588723286,4.5198746984565
237,6.119966338919912,5.587836877746893,5.4592249560336334,5.28622582013143
238,5.995358134382238,6.125382513673902,5.698712101655345,5.571499809718788
239,6.463261492924258,6.479596653638003,6.084362609919369,5.967094486863733
240,6.899460359562527,7.218694208452644,6.532264832352351,6.420617563889478
241,6.237304958597022,6.047701812452283,5.886492158795111,5.649531062567635
242,6.345259103104053,6.396146350258888,5.9613007113919405,5.7905013977920285
243,6.830701170304131,7.01012664628884,6.310311566412843,6.258045082563388
244,6.260706486422865,6.157976504046997,6.011430913552004,5.795561672107913
245,6.525811256844309,6.739333691582909,6.343725178397013,6.331952173072091
246,6.783993736576033,6.9513649352741735,6.403104829512452,6.349589068080641
247,6.6701590978878595,6.770596758179996,6.38876102372564,6.163174256171551
248,6.536736826662861,6.862439626306763,6.311465657771957,6.285606336141716
249,6.883251474397051,7.12180167077221,6.686700671119062,6.50730733619028
250,6.557134597537876,5.9132058759143815,6.004914150725577,6.215763974437897
251,6.538610929090797,6.715153730806374,6.1039175063328335,6.116647293200508
252,6.305148643252497,6.762600956149685,5.5047293825000425,5.186977315178664
253,7.046637273980668,7.107397373083609,6.722863206957554,6.4706551708676665
254,7.184282198650254,7.276627238817114,6.756716853844901,6.558937663703239
255,6.931042115874326,7.181084401584671,6.378493254995179,6.471950373127484
256,7.042437234412548,7.083884762661313,6.518510946862118,6.427343044059892
257,6.7570230090728405,7.340093914402045,6.521309468064741,6.284150142811442
258,6.726300110420565,6.358049072055847,6.197781146553144,6.023871516884714
259,6.718105622991167,6.850499012270029,6.36549752397795,6.307733229534467
260,6.597481894715409,6.92366803510538,6.353518149420316,6.245510310875775
261,6.849403293797423,7.071171512397373,6.566730040915036,6.578684866966552
262,6.899633304113521,7.090850848523526,6.560008844100783,6.444646103034728
263,6.217028529722539,6.52594899530521,5.78248405397695,5.776592041466302
264,6.845250508326035,6.976338374482856,6.549899476873968,6.3310465713622035
265,6.694038247264345,6.573104883204199,6.051287727819297,5.999902755568271
266,6.730021687248136,6.428947335722593,6.195078202435952,6.062880031751641
267,6.804976763432993,6.801804971023621,6.24674601911222,6.2620911138494595
268,7.093227484156278,7.0264617493592265,6.714445423019903,6.352749655592668
269,6.800056142236654,6.840556878617454,6.373669976071024,6.308086209389271
270,6.86156524493483,6.961826705016318,6.309811209438474,6.332468279206408
271,7.079559299049854,7.140878216804267,6.705754671199333,6.5813250346156815
272,6.754592739762972,6.919350178637342,6.298239484072974,6.226761701782624
273,6.9044185412982575,7.161197197736984,6.362579123214135,6.564882134732006
274,6.296849384570603,6.325931084816962,5.932461886915337,5.636970180275926
275,5.738863300465937,6.059932734822034,5.293564892826494,5.270145480149991
276,6.702609835229455,7.029774381201051,6.408148005744111,6.357412034568515
277,6.851501086833494,7.135368724228775,6.346488135463625,6.342154114090395
278,6.60492773972428,7.178436441323226,6.4336400573712185,6.380537654561094
279,6.879645852275015,7.139437998837737,6.649686446485466,6.345369540214032
280,6.8831058645205125,7.004721270064141,6.5407466365128855,6.325434522473733
281,4.742228692310276,3.8823172068727856,4.054384141157078,4.2218127248133195
282,6.651716542524442,7.022004580173925,6.188474776040589,6.326008886956702
283,7.102837307625951,7.392038127648282,6.753304895232242,6.599345516496773
284,6.626791884976031,6.849376357848887,6.543886656567595,6.255871088772598
285,6.929097997988114,6.868142996720009,6.448995240005862,6.464210366127831
286,6.6705761156995935,6.926019608318831,6.368503316067695,6.117286910959751
287,7.081703136608592,7.425843732181244,6.763237581673041,6.670600167049546
288,6.75967183899059,7.1446684152289395,6.6898037329092785,6.522540771288764
289,6.6854839132516,7.045105195778357,6.67398499742894,6.451733715130303
290,6.500481451614666,6.795344213823209,6.124326913341724,6.120756034780137
291,6.774147587738455,6.873598921743063,6.510901362280001,6.412376856617698
292,6.991613540174148,7.262267288736431,6.727835015215139,6.628284827452106
293,6.788129549223977,6.839073671600242,6.393624955951762,6.143998906629544
294,6.858074747869267,7.201638797882499,6.725297943444302,6.52548300694291
295,6.657781920347649,6.719522659421324,5.926259949975169,6.075325186023953
296,6.445142313332189,6.221771937047081,6.239137464537192,6.146023569037454
297,6.743820967927325,7.119147530060524,6.239641915409743,6.289346655667549
298,6.439396775881576,6.741540302561514,6.092499427546199,5.792223133753727
299,6.431209291433939,6.320424979955508,6.1485946116952634,5.85747600746445
300,6.868289158679764,6.862235856930382,6.40043758381167,6.328178931919594
301,6.432655576928041,6.803949673442351,6.377312479519802,5.909954363288141
302,6.929511170515169,7.187627778200026,6.636358401899369,6.572714175424483
303,6.767312928917949,6.7282618398973435,6.344310284938304,6.244981239489621
304,7.110620322410602,7.397127593565821,6.741865000278174,6.5849136068910115
305,6.637309218550341,6.886368057621925,6.357249199792969,6.516513500802448
306,6.649360163721678,6.687180120540627,6.500114229981641,6.177148180820825
307,6.731116303210659,6.761903498647277,6.338232355983705,6.0358342821845135
308,6.586500859144934,6.6405810392546805,6.365346113223154,6.090894856165375
309,6.552377658985843,6.336350425722941,5.850557795908425,6.060089289845265
310,6.7070730923816075,6.792446543200317,6.1640405867641785,6.228306200170422
311,6.694536937602148,6.897677805481365,6.550101412065567,6.2471074348873055
312,6.455260246797342,6.820505443730861,6.438503256331048,6.144892317655357
313,6.619380460244132,6.720057286047498,6.185315202297757,5.942956432158512
314,6.073316281360405,4.895860271251453,5.199321324282395,5.167577325690646
315,6.096278632000138,5.4044435911024555,5.405664591929752,5.658865222243444
316,6.802493535932827,6.895893433032744,6.371684544443839,6.283183042540167
317,6.570416846253524,6.9829262137836245,6.270647545159409,6.101553644021825
318,6.939171167492332,7.008605334459492,6.537637559478473,6.272419020060003
319,6.41120504697458,6.639705796293553,6.272029027206277,6.099421955213056
320,6.965930722046354,6.919261225986091,6.501881704969167,6.298219379266078
321,6.696501845357358,6.872899357875899,6.328682839322355,6.28014629496261
322,5.923539911394793,5.8285551740408685,5.646445398970603,5.593388581950804
323,7.094399130136378,7.23326143137777,6.736014654894024,6.660582427877373
324,5.972768401603619,6.012953972517505,5.3720527742453035,5.338744628504233
325,6.680512643150858,6.697304657295938,6.390224476969711,6.175567931848851
326,6.878712756556904,7.2708431483586065,6.446788394253502,6.389296264339834
327,2.2736770482875124,1.4472285207679385,1.712011102554493,1.4998047927529656
328,6.84270982128923,7.012914846221964,6.532510417663633,6.23453786013344
329,6.582172714226986,6.923061291430845,6.47111075924072,6.272437434569378
330,6.869405129216385,6.810077255959843,6.315552104943736,6.308754746991218
331,6.543581988759664,6.700462883744277,6.535339984391798,6.179167769995501
332,6.844988602423513,7.180764497005063,6.46341984884174,6.477708884327363
333,7.008662459485514,7.179307096094812,6.6100469535488955,6.36470651763613
334,6.736255597405263,6.883479090822095,6.28294485479941,6.160060044709749
335,5.524845659442481,4.895583293912415,4.938153982261795,4.836080172530767
336,6.6771788176185565,6.666920856783158,5.929474303286857,5.983311335700166
337,6.989375470921937,7.042991827553419,6.574362148846083,6.49003964389284
338,6.489875853218617,6.677974202858702,5.890866814646226,6.104665363645908
339,6.9623187344987665,7.0426676113318125,6.630946813413583,6.545651404510627
340,6.79519138951134,6.721556915105657,6.04587698406109,5.825148760633029
341,6.651543901593816,6.8983386075049555,6.392177090483271,6.21634411306606
342,6.577111896179639,6.781713629889494,6.277075350475861,6.302896965328159
343,6.854688106923208,7.042489099992344,6.354915426502796,6.261098252034824
344,6.819460307510858,6.988395202383794,6.5281644352661425,6.278248148481633
345,6.49601496612258,6.833479064944782,6.075865905045116,6.025576536922976
346,6.570081285395309,6.592221446744027,6.060854267701343,5.94336883331532
347,6.725959241164812,6.852947713803884,6.393358067568135,6.0821735391091964
348,6.747870954055148,7.1125697712191585,6.32746001821412,6.170220253797587
349,6.462936341525846,6.257423976493418,6.055615193159548,5.780664650892292
350,6.510502398018444,6.637820099828253,6.076294580382974,6.085452886063683
351,6.725896195990738,7.013905638820651,6.333649499835766,6.416265565414989
352,6.772042784610814,6.884056035418694,6.366104274458763,6.288702015207734
353,7.169051327837134,7.293980223271328,6.762442602146067,6.6283285426504
354,6.966794236186265,7.145872220888758,6.646014689686819,6.5552868737928165
355,5.435344531831578,5.07112448720038,4.790450187389204,4.731450795419281
356,6.836031407089948,6.793112179696652,6.577352409053659,6.29827603039052
357,6.896940250533029,7.107384158761422,6.66324912613575,6.513323561789661
358,6.892038545243239,6.803982787863065,6.196371213683369,5.998477546020574
359,7.036160258970858,7.358791643798059,6.656679523254399,6.53218445898155
360,6.957960913093261,7.086340763376431,6.465568979281913,6.542892984696581
361,6.9596086767097205,6.943303039116663,6.447893955972209,6.446367253009965
362,6.832042615678335,6.794928658176618,6.398045480339779,6.316945475350876
363,3.917107608714655,3.528732484066786,3.449905137076929,2.902976777715015
364,6.604440830625171,6.711082123431871,6.46014870606468,6.342409818421337
365,6.63303288222635,6.816265158076988,6.498349669000819,6.35168294261857
366,6.59574301140173,6.702153924530845,6.242080987453763,6.12149720442806
367,6.873425059058075,6.973068953384415,6.421538558635171,6.34630131612349
368,7.017323012511366,7.26486667859329,6.796351848771177,6.375866339709095
369,7.007206888968184,7.425927777559721,6.682320499966625,6.526192800026991
370,7.077471557143458,7.3832078592477925,6.750365490484644,6.555019207625043
371,7.094399130136378,7.23326143137777,6.736014654894024,6.660582427877373
372,6.5630508517424575,6.46462190441471,5.893072030991456,5.840893655040503
373,6.749677106999374,6.566671779295459,6.206886748995247,6.030602503190654
374,6.866700634308601,6.875010747244873,6.492725873335006,6.433251190662887
375,6.765388026745668,6.992276427399198,6.341845872896938,6.46779876049296
376,6.851731894959828,6.877998814889818,6.435984084487402,6.288233192711407
377,6.817894769281047,6.919904481350454,6.499609821296813,6.394742762407167
378,6.753825417668383,6.642206677520985,6.146607017846805,6.062277023287981
379,7.010175324156483,7.213354980910311,6.68384519118556,6.563124280866109
380,6.777475421546928,6.911015313966352,6.441292212082226,6.29808429160918
381,5.560696946457542,4.610217992919064,4.902855031276365,5.04444769681442
382,6.46923733142925,6.6820962943516555,6.074572431834075,5.6769558726852525
383,6.163749793586723,6.143228195020382,5.482197127480511,5.257058154269588
384,6.5226670742492505,6.559800260678033,6.213028251306721,6.198381242921269
385,6.456568068172364,6.271040473413801,5.8661715676826125,5.897677522033429
386,6.648604938785024,6.818847020273116,6.479768227019105,6.243826825951654
387,6.890088451630225,6.953207455029286,6.411396906597372,6.094993702462382
388,6.453161311637321,6.427602796385642,6.099522590453342,5.939410693921498
389,7.141685873756646,7.242364728887752,6.7973258164326165,6.4728989754027575
390,6.912716608511075,7.107687006829224,6.501499421134163,6.510315928978304
391,6.778752065546309,6.835119511428605,6.3990684218177,6.228999328231591
392,6.758196426919441,6.8289786198229265,6.379791004467591,6.241770945972626
393,6.342957647678515,6.357845757229852,5.572906120655237,5.743214514737406
394,5.860494350078643,5.5389766533515505,5.529933790775681,5.3464667269508075
395,7.028775856012488,7.283832958015361,6.770683625912115,6.540082378904732
396,6.486944312176379,6.195988631247588,6.38344480737084,5.952730218757324
397,6.528545881639789,6.586140296790713,6.099307346845775,6.112322461793714
398,6.79313316343146,7.212012012830434,6.703566526349358,6.586927222493576
399,6.641017736105571,6.671089260091252,6.203415314554796,6.232076013735417
400,6.984758387501848,7.248078013575297,6.753259865834537,6.5620018261769415
401,6.54831639408895,6.231388251667412,6.084314920855063,5.754822516879033
402,5.766772737497217,5.715247029745116,5.304109621152439,5.53829753814194
403,6.723710511148767,6.886592840753707,6.357790780861917,6.285835379655624
404,6.30409875534852,5.884165095909291,5.377338303616586,5.962229548006636
405,6.94005370065732,6.931750980869674,6.294927770454835,6.305876470210235
406,6.33073268960663,6.471141851107033,5.761541459208067,6.139422652007093
407,6.682656653974865,6.845484026923089,6.590410466565754,6.6419013564099725
408,7.197292621058269,7.161344308369332,6.967498492480938,6.54573185060852
409,6.716151079895546,6.842205579642895,6.258696786221988,6.044577065082442
410,6.5109210702541365,6.910372475368122,6.3179633043155095,6.200957007038662
411,6.791740126547496,6.975704218366374,6.514191208914764,6.182336558039835
412,6.497021243116077,6.769309470167725,6.113630153356264,5.940262396174084
413,6.516775873693472,6.954474513812657,6.247434508077217,6.276768593440981
414,6.651025557376943,6.728005273319625,6.253103613384671,6.332739904200625
415,6.551880487066864,6.438420998177221,6.030599477539834,6.09412533572687
416,6.750057992904414,7.106937619536293,6.485827643468485,6.342710900113603
417,6.6435967500134545,6.679440418531333,6.04269724113151,6.160634336145388
418,6.742566408905802,6.925593405587632,6.369144566416132,5.944142197987723
419,6.614820314793946,6.4490914642243915,6.352613002054916,6.141245422903763
420,6.942617941839255,7.335746270804616,6.677736245605034,6.517336415989856
421,6.405945188451509,6.025167878900212,5.950453592875585,5.6929169060659826
422,6.99309703829822,7.189699756819436,6.616891083615209,6.42791243562252
423,6.2768159720222245,5.897484105974206,5.539392156193475,5.502085638952986
424,6.730421109991054,6.902525722618443,6.339588623951946,6.225519300976961
425,6.800719298400212,7.123016353790425,6.6619010716663265,6.245411329123974
426,6.5908762997821535,6.256938194670747,5.966646968097962,6.096288481888351
427,6.893416162950045,6.946240980245687,6.559429550898313,6.3204642645289955
428,6.995838443808497,6.920530132139631,6.571624293222562,6.482745192218649
429,6.717221489242697,6.465698431312697,6.385009295600589,6.132940913146931
430,6.79044523575874,6.834592642703959,6.257821825485496,5.996633909574012
431,6.659914305389742,6.7913122801523516,6.289351490119988,6.294048321837436
432,6.829237830134919,7.190106807801738,6.459269283186337,6.4666183901039975
433,6.819475899939647,6.6907075547050585,6.280882052458525,6.296700808921872
434,6.509061921978285,5.922117717195374,6.000379558348251,5.790652915209555
435,7.057010952567376,7.355684345807572,6.697023853181062,6.572912142426067
436,6.900629451651436,7.128055669484516,6.487709557819703,6.378602143055264
437,6.243337872381539,5.982552322255413,5.7951830861827345,5.393034439506456
438,6.810511946729458,6.907604114005222,6.499040124443897,6.178780830138958
439,6.4949514274099815,6.399504818489505,6.022691394748333,5.621841641113661
440,6.399295832374763,6.416347551820492,5.756149566833169,5.985341667692497
441,6.799501579193425,6.8210044460176205,6.296569211592246,6.1664563744383445
442,6.765141306933542,6.547901048896839,6.415735686062979,5.906992136993819
443,6.368873691995148,6.277625590055178,6.176903575418009,6.195302109054007
444,6.504945092627319,6.617033653514409,6.161670857823871,6.265306205308958
445,6.866079709060672,6.960895956737546,6.4270492793198475,6.37776699082129
446,6.763043391694445,6.81078155433247,6.436641272037259,6.255003006884307
447,4.882697725877565,4.563644908227951,5.088234115939449,4.789980471543223
448,6.2062489025679,6.374452595024495,5.840960199299672,5.875272255630637
449,6.656351067254078,6.824891276878503,6.323590875773484,6.369170472484136
450,6.798703926846181,6.992736410757163,6.477044620736174,6.412354832258318
451,6.210640030307296,6.450662596496817,5.863667385358615,5.583138164365748
452,7.139913690394592,7.417983533689517,6.844191582902846,6.687714235562064
453,6.872024587639525,7.089361809866004,6.596238945294694,6.4546939878852525
454,6.478144515519317,6.635089779308903,5.8455953781279035,5.8603484206872585
455,6.1800711546077265,5.834119785719876,4.854967705193069,5.200710907207979
456,6.98506822573304,7.297588180937763,6.702918790496697,6.65500439740006
457,6.866700634308601,6.875010747244873,6.492725873335006,6.433251190662887
458,6.444139969001054,6.630008508919701,6.3125555236227955,6.1362616145699915
459,6.7284487603711165,7.1214943427058595,6.439177373525199,6.501573962624099
460,6.632598890120192,7.168908594796899,6.20392575745526,6.022945575060921
461,7.024516749870705,7.084304662425004,6.475444252779994,6.399804709682775
462,6.537703778130618,6.883296092954848,6.195620915412433,6.237654409743919
463,7.142655186679454,7.227550655201407,6.7282648446072235,6.571635930608097
464,7.068648431560438,7.11106778058461,6.711164872175161,6.677402131598248
465,6.610263523654684,6.443624734656873,6.04589231178679,5.992798500257116
466,5.722834422391861,5.294308970344643,5.025264989694406,5.2509117954969975
467,6.651921130328435,6.907762243618981,6.451323739552002,6.326367595659621
468,6.605109525549481,6.648529616180394,6.362353431749785,6.075626031986782
469,6.485381529432565,6.246409945657528,5.536431908591988,5.453882052338687
470,6.958879226531346,6.874149138555381,6.5293319180549245,6.414214837109987
471,6.063203747923019,6.22211978505991,5.744938070652937,5.320783974739844
472,6.480551304053539,6.686988569350027,6.375757986188976,6.032874432559033
473,6.218695765603561,6.016918897472763,5.513297920079525,5.36913793178304
