task_achievement,coherence_and_cohesion,lexical_resource,grammatical_range,ID
6.682508291341132,6.665896286930653,6.124838466745467,6.331910995426306,1
2.529114596091336,2.4525868465592007,3.02624305580615,4.0813999148463935,2
5.615801660301909,4.89719752908066,4.961294703468151,5.145127120200112,3
6.0474098095859015,6.004353212589584,5.603808221253287,5.5821778482790965,4
6.7650769092902685,7.039785255755739,6.57511535740353,6.430083721210182,5
5.944105951098466,5.736918303363203,5.629778628081363,5.4742304947779665,6
6.301534343837294,6.258424896270555,5.942124983954909,5.797976781201297,7
6.8791155894632885,7.130819839686688,6.522474748370451,6.523141788620657,8
5.693406079135,5.3744187702342066,5.290167166265571,5.120008906759742,9
6.4699180390827475,6.299523579526224,5.992730603261709,5.9424960270193345,10
6.6051382272953125,6.66124425144817,6.352267556373645,6.26278963170314,11
6.573493180332714,6.643919149690271,6.209594006004777,6.076121575475829,12
6.849550548974007,6.894606073615425,6.379380912358744,6.29974999867301,13
7.31762206759468,7.554959377750277,6.8632442284836195,6.720751820857397,14
6.480109030278889,6.601765247795389,6.068874012575514,5.961634235897633,15
6.856267462417895,6.982136960603428,6.44394799955271,6.240439335124721,16
6.966918946554558,7.1939754365206365,6.694851825781323,6.645152580723625,17
6.244703652243943,6.12816135050056,5.830444849098776,5.859239617885256,18
6.6684428721118465,6.799144631904647,6.4081978656599565,6.189464476385489,19
6.622784513131507,6.704974791101853,6.193399252681033,6.135542422142217,20
6.770291079868064,6.755913542138658,6.404428285090403,6.374741098279905,21
6.162066687514696,6.179525799874836,5.739560215245057,5.7801916441796015,22
7.171619162586433,7.257185184173016,6.758497797599098,6.610272175893346,23
6.385931647066767,6.250355004794357,6.036316730333798,5.864991320784558,24
7.126270921436322,7.096008185563509,6.617163452466029,6.638924440888413,25
6.737442001507542,6.781813625772044,6.316567213957422,6.213019725978033,26
6.521145481682158,6.4242204459820975,6.054889437636384,6.0456303530757305,27
6.7735046804655425,6.883169190335341,6.284147192609843,6.113053094632096,28
6.685949970945618,6.62538755242046,6.196103000489594,6.149296942233306,29
7.320925412194353,7.539696743425544,6.859061871065127,6.69665254411741,30
6.97928221088207,7.04075838214704,6.494541915933682,6.442176730186347,31
7.096599465694657,7.225135756347794,6.642436675606133,6.5936626522435695,32
7.089569086083477,7.331606700777229,6.551300426995535,6.554901763226723,33
6.52840259721163,6.479181008194244,6.049514124906956,6.004303755533963,34
6.946928740151388,6.95734670735569,6.385316772019725,6.396099275391675,35
6.764397556273619,6.809924701875236,6.378955459641109,6.443219159140818,36
6.8449054833549265,6.956071797349032,6.429136946923729,6.487495903098698,37
6.1448244000788685,5.717414544146106,5.384615782813823,5.297260479825059,38
6.546803375627094,6.5968037014016945,6.197890145498784,6.242050941564853,39
7.023698275328718,6.82773340694456,6.290763745441928,6.199710753018292,40
7.18039635800275,7.449889747699624,6.770672589512645,6.756074252454271,41
7.068839208234754,7.217373541597235,6.737975049385833,6.578179665072431,42
6.309292033922589,6.12959715084613,5.805489705775105,5.734043301924128,43
6.989914287456901,7.035878753774002,6.4426868550270635,6.2454839942838705,44
6.482251449604516,5.933940863863212,5.976864484750223,5.887265106642163,45
6.960118881938511,7.003617936567411,6.480702131268522,6.435672821512563,46
7.215406959163833,7.399562725432428,6.740364270295986,6.572421918146154,47
7.058395458350265,7.356351569626739,6.693036859901971,6.553696863097576,48
7.007253338386679,7.17765501912828,6.5565284435151145,6.435367254906437,49
7.1212766253310775,7.3583998288927015,6.7317734163562815,6.762663490222283,50
7.034210756755414,7.116822402853755,6.652391093497922,6.641014863542391,51
6.857590604734089,7.014666254805444,6.43303939008959,6.236109825783237,52
7.111604945170123,7.173678546224329,6.615383925418914,6.579412818887458,53
7.2491202664974175,7.45944250555475,6.774598783787057,6.727959460373151,54
6.524411984475824,6.3623097582945185,6.034549319624596,5.9979831787972495,55
6.920149146667325,6.820334473644086,6.387265909817997,6.341176734435213,56
6.416358693735264,6.18978887977787,5.877877434736194,5.673086876417412,57
7.042004358813562,7.190873183959368,6.626422873765623,6.504852662083358,58
6.659292858411245,6.824890754444751,6.28850433088802,6.131903737622659,59
7.154450038404818,7.489515892970606,6.864132172647833,6.802696763657792,60
7.057926043156272,7.194584015128284,6.65127378771633,6.628885938180909,61
6.529400579442397,6.491110862350795,6.064406958125237,5.9688351250999165,62
6.749362536862126,6.755807680586978,6.264048329768425,6.122572842598732,63
6.700921996458001,6.665796313273966,6.239845783851947,6.1286099808388395,64
6.465226884043003,6.37571225742335,5.953737614186493,5.831804700729256,65
6.003045594372527,5.867254686765799,5.779043209907042,5.483911041999113,66
5.473453914419566,4.572523419742355,4.844782463769732,4.521329924313349,67
6.906065505583057,7.191719085954389,6.560014096129014,6.600177967147691,68
6.681607008047233,6.9352311571129,6.344383765115678,6.242270352987595,69
7.148484910612485,7.637577783627272,6.892519141547416,6.851209559885867,70
6.964112138207991,7.13817227548665,6.584607964466766,6.464899550201759,71
6.573228538500612,6.493732104751794,6.119219901711282,6.102490693750016,72
7.199766658837712,7.503285415238493,6.8732034718021495,6.852462900987023,73
7.07892682711835,7.334052383935579,6.7606446750204885,6.59114762127812,74
6.179281990990809,6.036280799272971,5.751797753519555,5.575220871322086,75
6.515367092354066,6.4345784997239015,6.185443351973245,5.950481273383436,76
6.824784972198167,6.941650678250776,6.494601484652126,6.275433266424814,77
6.644675822356743,6.656247532495388,6.191827605084404,6.083508221070113,78
6.3967873995839195,6.2876432254847145,5.980888567124157,5.860836448884182,79
7.185973516713525,7.3177309321241015,6.791529618981821,6.684790659986969,80
6.902116929961798,6.867681666870741,6.526316940974679,6.447654135843467,81
7.127437782162069,7.268605672343998,6.668416512551071,6.622147805030696,82
7.0798454509739885,7.25260669962897,6.657977320553192,6.59092406791713,83
7.068395550909674,7.0316191767484355,6.640697945113392,6.47758691456157,84
3.507143653307658,3.3327504699770483,3.8929737515154903,3.3236097764110104,85
6.374160319712741,6.358246694623095,5.966704267249536,5.901456501328987,86
6.942151829170726,7.097374820522985,6.508072383258402,6.470291369065153,87
5.936176872490216,5.47883165806389,5.337498310778315,5.145722407904924,88
6.709095877347722,6.812424228110468,6.277005182566279,6.1672370527323,89
6.409772989925405,6.088018045248872,5.657350207388108,5.446665909902581,90
7.180026209461272,7.385805018656881,6.781378792748695,6.745462902619727,91
6.566692224197258,6.3558562200985005,6.185512360041669,6.157682892878362,92
7.257255647736141,7.327595023017501,6.651905223268608,6.508563057711084,93
6.758556523668917,6.7972477621557825,6.289332836798977,6.217782633733256,94
7.1232061024789886,7.356622513657658,6.793096193611636,6.76995125969431,95
6.359901319675828,6.454818039901174,6.02815886093644,5.9654755853443735,96
7.120665510775505,7.136316403119056,6.540536978583967,6.517658554283297,97
6.793968131337664,6.9314001229188555,6.437126020179828,6.4831487861921335,98
6.898612633528538,7.135145124968881,6.56628302487808,6.499452135744786,99
6.704567956907732,6.803892439774498,6.169437253601973,6.235616090405784,100
6.758791911694249,6.953879903011911,6.346977204148437,6.298146756558159,101
6.474896907425936,6.462838478522842,5.9583219114035115,5.990380344519332,102
7.1703172594084865,7.35289473286863,6.6830409779136595,6.675237572729695,103
4.162943394402673,3.567915915406892,3.207453551946527,3.1038175655919678,104
6.761982577239603,6.943279232469953,6.42466362284943,6.3521783685762525,105
6.479186407210886,6.650648028575577,6.22217455741571,6.081369521563153,106
7.224587301420209,7.306900031627923,6.738984840748502,6.698049992868334,107
7.157967490643493,7.402095091505367,6.751806518348445,6.81736213238837,108
6.658335123432001,6.768052795334876,6.341664636851689,6.311799314991142,109
7.151888209063619,7.346371240695359,6.8035190455669845,6.809625857897287,110
7.393512356739707,7.527151389610055,6.908867853335407,6.880763578367982,111
0.8960323888804851,0.7134600312417572,1.2138243765928296,1.106144977396867,112
5.952191190586532,6.168688210793874,5.517351294366411,5.535538724117696,113
7.75906657295,7.815165844539539,7.155859829706098,7.135877950760711,114
6.989654136734519,7.185990799813328,6.551651433278709,6.511084871241149,115
6.799264416415066,6.931488734929395,6.365770315379823,6.363338347149739,116
6.966672027492517,7.1130556487930665,6.550094658069376,6.498254359722086,117
6.873739036630583,6.938855751297566,6.432093482586905,6.385493127000739,118
6.705568119966738,6.665789831854269,6.183365919009336,6.108553560846281,119
6.73592384415232,6.88199784527258,6.327237208050957,6.2318213824014075,120
6.990573555667269,7.113505748351892,6.5671019445853185,6.499208460849893,121
6.2759104115040705,6.055759976188309,5.81572533832556,5.626279338083716,122
7.1651667673759185,7.346514854461372,6.6707197359703345,6.641001150893895,123
5.608276567504551,5.0802603082472295,5.097202930691954,4.879737686976653,124
6.595646355931359,6.535666322758975,6.056635690597741,5.952274163966403,125
6.977232670848109,7.112388855654153,6.461916268883732,6.4070757862590915,126
6.812062424186435,6.88768635559032,6.410512181915916,6.288451416889736,127
7.017077976080886,7.1094045534655645,6.543799186594386,6.470795327600343,128
6.611567493391068,6.5457757612117256,6.179363303137056,6.0674943103846015,129
6.773306740060616,6.987716777034552,6.4188462181811765,6.375011429515201,130
6.870491607145354,7.0645491430443546,6.48613148998655,6.327224762563875,131
7.158056983834957,7.254282300936501,6.644202520440324,6.634898069303381,132
6.779254022228048,6.918508884303724,6.3678428689806195,6.317198839284677,133
6.229845842319846,6.142330995598931,5.850793540571129,5.767940460494821,134
6.6592816061129785,6.976257590388131,6.367238038228314,6.276118583864938,135
6.780209856698148,6.874681910058794,6.36621274126562,6.277933064172002,136
6.612002629712059,6.600950587122341,6.216498832286864,6.165543908998155,137
6.726640533611548,6.819831604923054,6.333491215630597,6.239610655456988,138
6.332296304938539,6.289291146739793,5.87039859646709,5.817223648290009,139
6.904513175389113,7.122264991335837,6.546915442495556,6.479496621650812,140
6.340065859392697,6.315006176804144,5.871612220451686,5.851581139755994,141
6.614207882853519,6.453719671405844,6.122899039490503,5.951042363975233,142
6.915994778424386,7.111539952450973,6.560300534481697,6.414907460970432,143
6.489439201368621,6.420263776971794,5.962043683994339,5.8720663471855215,144
6.748471107343754,6.94108992908788,6.366618516757941,6.359900787735957,145
6.790872838520887,6.840189435207739,6.410101687452846,6.253469058585967,146
6.757330986437069,6.804755855913011,6.358257471862965,6.215748304319427,147
6.8015115291014085,6.876867226854978,6.36213761516151,6.315241108717735,148
6.450845707883046,6.499831206313604,6.054644885860008,5.9324987786658925,149
6.857198167131329,6.934551909436381,6.4207147391568045,6.3955308133968405,150
6.765581007676255,6.854096751941835,6.307845621440029,6.289306818122838,151
6.8738260624692815,7.097634111982066,6.511559117318708,6.4208943427404375,152
7.133133789199735,7.285508982446147,6.645028214445124,6.611438904544502,153
6.9896589861618885,7.109858477359905,6.542455990522578,6.514650305865317,154
7.053356073693808,7.258121304492149,6.664707282786709,6.61769173197184,155
7.247140300364796,7.421667892194617,6.7785581753756325,6.690434035145926,156
6.6289780323468115,6.602501308834695,6.219327402662548,6.179785234681951,157
6.854451493850656,6.903342740790002,6.410221055686797,6.4131161503092455,158
6.882822372968656,7.053913474110297,6.499238144033288,6.408512675946352,159
5.951072876288137,5.725899658213189,5.4647702419372175,5.364807084702815,160
7.000375886044251,7.178022148905908,6.621344411573137,6.578894144780585,161
6.845101320796862,6.991901319098146,6.422856937595378,6.4719467487957765,162
6.98759537070167,7.212614271846222,6.570031073010036,6.602019514658922,163
7.061038200729455,7.301613611875179,6.622897020751535,6.6734720240541545,164
6.953080882378477,7.187617550933384,6.562982897201817,6.505111208482072,165
7.271487050581691,7.506174410396859,6.903698651696566,6.6909797590840965,166
6.55564376184934,6.440981208056063,5.9825965935313565,5.900517711610852,167
7.313588833633326,7.475142665315577,6.870860526867601,6.77549780489828,168
5.92414537863814,5.45858910329661,5.377861361350872,5.3639159245456955,169
6.856818917777923,7.106726311373904,6.524356083122864,6.37779427345963,170
6.324284114170627,6.446612788195193,5.902196097576514,5.860187301106144,171
7.110937438191636,7.349510168801394,6.62535325855967,6.5800378313457735,172
6.836819824022898,7.074096564012703,6.431176021313332,6.250268815355583,173
6.983895883395216,7.119996177373146,6.453123931712533,6.395222813337404,174
6.744695092127319,6.609575445255733,6.169318911977145,6.155396019629907,175
6.964947075915785,7.162973691386866,6.520296134525963,6.4738313029343075,176
5.013665322454879,4.548460927230933,4.410693337300041,4.3026288978329195,177
5.505014372689315,5.262441445317041,5.080415346094604,5.002328083938156,178
6.553959350841137,6.78372585061844,6.273170020010921,6.32476460144274,179
5.5953323478407295,5.369326591670182,5.130512583012595,5.092579208179782,180
6.635422961321314,6.969413393449355,6.444932830091861,6.408559072052602,181
7.308960173747677,7.639447283365465,6.999359540122892,6.910455187622138,182
5.284657325275288,5.027820052865594,4.848222903229735,4.809266249623379,183
6.1835099892508145,6.129527153628237,5.87101142028449,5.857796466370424,184
7.098651404753702,7.387068381207637,6.846822197830896,6.756916681380225,185
7.057460651823495,7.232663970491551,6.708932952905258,6.672079590298355,186
6.77032800038069,7.024151457543173,6.415342937290393,6.4001657301207535,187
6.59775985942264,6.769654814121091,6.338806092055725,6.310990818657505,188
4.688330577718642,4.595645313498979,4.603764717860018,4.5499284483555975,189
4.28256614462212,3.7274976367119375,3.607413626574235,3.946549318034361,190
6.51534907705666,6.726528442603863,6.2483009854122455,6.158669354481867,191
6.765040457710596,6.8745553566948825,6.443369019494232,6.394955031697699,192
6.52603842080137,6.691890776175332,6.190624173986975,6.170170689451605,193
6.2305274792644845,6.244094941485478,5.819352204227879,5.778863720816367,194
6.598765930577491,6.719389758971371,6.1933413919214555,6.19239206242303,195
7.224083593235521,7.162131836155346,6.664641301137476,6.597511881963174,196
6.853122239335029,7.0204584556535,6.403365379439987,6.32234547918481,197
6.945863430390202,6.990366657142591,6.440327457505537,6.335502001121227,198
5.783946096446875,5.747743656840749,5.270736002399056,5.199262552676516,199
6.087250494093226,5.988025659880318,5.781801441066076,5.612052373313145,200
7.048937867742393,7.317425949318651,6.706497065633338,6.7612381357525555,201
6.510300645631342,6.609597245592243,6.06271394798497,6.026106450559411,202
6.767918451371824,6.862013980844516,6.358011996135654,6.184060987318954,203
7.272566855125424,7.408170557232796,6.903407174416473,6.819598338184294,204
6.497098304277098,6.507144724672811,6.060340316065236,5.96258331991652,205
7.043493183834383,7.076691139763915,6.462114072615236,6.352629627565399,206
7.009569208461026,7.229842308690948,6.595008756897915,6.530126564395216,207
6.6793759993846935,6.7176400563069185,6.185576943709319,6.126300056096104,208
6.2559552009455075,6.117429735255511,5.681117508468086,5.551488307885209,209
6.926759136283509,7.183611609104387,6.523074742020446,6.403085375889063,210
6.179291633105225,6.055378261260747,5.7314576819104435,5.514769962304403,211
6.8487177201251175,6.977163940048337,6.377390161530499,6.254875783031994,212
6.719746813645629,6.792962135417117,6.306222204341253,6.257578014457309,213
6.812740411706743,6.766163745094655,6.441701785490498,6.239545529263758,214
6.195831456012566,6.14770286614716,5.90490528270508,5.616974641625722,215
6.646814825829358,6.6251467765788865,6.200824979316704,6.015380696051591,216
6.876755687183511,6.965259703892373,6.4490216450765505,6.346803068522234,217
6.954196167117263,7.119596780555622,6.545537632118541,6.482159011030156,218
6.703128024481635,6.77209231505662,6.325696965188438,6.187241697081111,219
7.168059490237036,7.392067816069388,6.723416863930416,6.565366336418541,220
7.088022351535421,7.256387074460797,6.633144750520692,6.560174455191953,221
7.047450051761171,7.09081130138553,6.457944229541922,6.396926312350344,222
6.271038585415822,6.240732099915647,5.833390320461588,5.780941885016039,223
6.639410604384385,6.500984131946822,6.211434300867166,6.183990904580032,224
6.265046934684917,6.323931625141104,5.731782532215349,5.634007152251657,225
7.198380184238297,7.617900559845685,6.913734264659177,7.08664104490871,226
6.8029225451510245,6.884599818614381,6.35978419768513,6.329090444502995,227
6.852738820423217,7.068830093025726,6.544203368033495,6.548171004031279,228
6.836131815298056,7.032832841964688,6.384757841664949,6.322716944309369,229
6.261658873834104,6.092713242804478,5.668933714900063,5.6505206550507845,230
6.828353930588427,6.872814995914951,6.266804789196451,6.217527999698848,231
7.05542740363136,7.05139014697593,6.568841771756652,6.576952199244897,232
6.978113875719247,6.996025352355412,6.372607972450783,6.345994014323297,233
6.950994388512944,7.05820117729283,6.482889621508272,6.3890846180536975,234
6.505559932695762,6.603584312765149,6.1631441084163425,6.104886627081762,235
3.992170441696993,3.7805135366913745,3.889667517293046,3.771080200184067,236
5.288030667556945,4.864818233894534,4.746498198933903,4.656070429231926,237
6.034750483786746,5.950094628747281,5.69613270779365,5.627803080158742,238
6.499513164542668,6.557362803877775,6.092898365318794,6.01050908981537,239
6.666220464185332,6.806172834473891,6.238250946515611,6.306191349750109,240
5.994379113624971,5.7562558350350335,5.673234182356671,5.480864373063601,241
6.560015122189358,6.628386639879837,6.149245747137256,6.147707124515469,242
6.84151208884738,7.0363826192222065,6.441754686713275,6.407196008331145,243
6.897319463323047,7.076872816954011,6.583774701979858,6.490785000902304,244
6.396167850727117,6.4855680335551185,6.154576503996146,6.115036953415519,245
6.945802567070292,7.078583085630964,6.5507148848545835,6.548576490355051,246
6.949831422190302,7.069492891458156,6.581449812935829,6.557961966919862,247
6.743126229611401,6.875483467169727,6.4067125148819954,6.327360011679629,248
6.917399765078831,7.18622688620542,6.707627954880923,6.637397560058744,249
6.190409121444932,5.894948098414453,5.792303253362279,5.879496322755501,250
6.528211904597071,6.719312993871986,6.233399688970589,6.136098439501405,251
6.349598427796363,6.556419121244094,5.861697719284021,5.589741150533261,252
6.925029377006081,7.045191663961325,6.50871450142633,6.394773631504037,253
6.9170027845150495,7.031650288629298,6.476167923445562,6.373463692825098,254
6.870290264016256,7.007359668076987,6.508160990173382,6.455168995995228,255
7.312275841937001,7.370515021022257,6.791473050249078,6.685886403255429,256
6.971904267264079,7.196182112093062,6.562025311213504,6.493917654068343,257
6.57269492459131,6.306768499489479,6.096274318337183,5.920198649603747,258
6.523276123622232,6.623808184200736,6.1407400393124485,5.981584011933578,259
6.812788012091986,7.019243021909716,6.476202202369011,6.362908227303226,260
6.658335123432001,6.768052795334876,6.341664636851689,6.311799314991142,261
7.056643123107662,7.410851592445618,6.680197748515128,6.716507674545499,262
6.938257106858876,7.261456229308331,6.651575186473868,6.620401967308227,263
7.046862757151937,7.195985969131924,6.712621084107336,6.576897180914459,264
6.375507650501308,6.416993570955915,5.911220502547245,6.014583415891594,265
6.8198237624713745,6.870927429466406,6.30706141902225,6.239974750857787,266
6.827778415995421,6.733325313074794,6.253174506673098,6.157262714727196,267
7.098820571078808,6.9224449695921235,6.5092008876410485,6.441041391600297,268
7.093405941649907,7.267279811133975,6.676329981352997,6.658289689657167,269
6.842517962061261,7.021708315882559,6.418164031494389,6.5073793806342195,270
6.4976131312403975,6.473258264907828,6.045763385212227,6.054496548476424,271
6.260280531558579,6.180022067817998,5.754404812445613,5.776615116034232,272
6.486870862871577,6.37359930372755,6.1657086243676416,6.158671182437419,273
6.549327447552397,6.723515299510582,6.177717960685004,6.131582474906167,274
5.55851801027352,5.864640639890433,5.21140009513055,5.072698380740025,275
6.553117252981674,6.807428891168961,6.222435235717306,6.16875959378711,276
6.958068127622388,7.3623274924745195,6.602274882087022,6.498396760293871,277
6.9915460701321015,7.09221087605229,6.34965726148505,6.267481303979572,278
7.063430048338688,7.25792868944662,6.482280913571948,6.444534319004941,279
6.951058694708489,7.044835673246081,6.532187951106937,6.455193425985776,280
4.355861484504673,4.216006478115182,4.556862031289338,4.380852724166475,281
6.7414928022413125,6.8472975678933325,6.343947144389344,6.23651106926172,282
7.309212369892706,7.4747534152958846,6.7579574843379175,6.729851755260682,283
6.938316713959131,7.133114813524118,6.681985786687879,6.544148274568436,284
6.892823079287284,7.146056863451,6.496346202048769,6.525099051285393,285
6.755386465520537,6.748517910055235,6.276778503387739,6.145494948322882,286
7.284418334176346,7.455037884336548,6.847573183643426,6.8235564673150915,287
6.781694368196812,6.965823255201778,6.50893180725524,6.470633608904727,288
6.849306200847444,7.059538385298345,6.520320870203627,6.49364911093957,289
6.784482303243863,6.9691280689785176,6.325244701607643,6.392754955933866,290
6.808139966170178,6.868929124346745,6.469407032766247,6.343452364819772,291
6.823981919548097,6.837566904256969,6.342621528856727,6.291298912598316,292
6.6643678238638975,6.518243198074296,6.096450446246335,5.863780533851761,293
7.0064110294977295,7.245636208243733,6.728129663289956,6.662116551371803,294
6.569727536216169,6.513266079294202,6.145044135684312,6.150597955555637,295
6.622040240464747,6.671393286335149,6.372526180219512,6.3245030497003585,296
6.839211365535289,6.976179402976699,6.461576090938703,6.4176131604832625,297
6.463201753407972,6.53168754447971,6.03020029133948,5.8916091868518965,298
5.953681732627557,5.668277349661129,5.457275472804207,5.393087691063757,299
6.917865788752094,7.0740610779197075,6.479200853220288,6.412727151152933,300
6.9905607219845685,7.024559411539617,6.547472052766502,6.4579542486252555,301
7.249711314552892,7.289434121336793,6.751176905550562,6.746626153798307,302
5.273657628470565,4.96245563771079,4.980956561543886,4.594818418487781,303
7.4035949382321204,7.487087369335228,6.857418148654868,6.802856357094857,304
6.4659314269197825,6.547301546560607,6.062618772996109,5.98160731005116,305
6.51644446392658,6.457995460519696,6.169342320025881,5.936930002693945,306
6.579173856354833,6.628176035193334,6.209919138659839,6.035073566810079,307
6.349705265664871,6.151331883792192,5.937048167070963,5.666798796080749,308
6.590502130838782,6.551234199973386,6.1553780964758245,6.0464720137047365,309
6.532373485625782,6.464444336891984,6.077124248662529,5.975054080647736,310
6.7049778218869465,6.694965203301676,6.348262899251052,6.112653650009814,311
6.555414791093748,6.543103623153183,6.1394015444905845,5.937915368379884,312
6.622445185547898,6.73474644995565,6.310347505780117,6.107109042321017,313
5.67845166564076,4.865400501825852,5.096348526308481,4.651673976890708,314
5.644296297708297,5.3213971632989345,5.2242489001809735,4.9630420661863806,315
6.956953063244128,7.0581819106374954,6.592712722866564,6.426569129479117,316
7.380695247875462,7.460226499092461,6.815042008533883,6.697830946578461,317
7.039442142568772,7.317425269366868,6.688228829048044,6.543808932121639,318
6.02967726962203,6.163296485432701,5.7819725103511965,5.730823172886158,319
6.837091783203869,6.93421801403905,6.489718370646594,6.332842902533741,320
6.702059829852271,6.896386633813242,6.396793506915047,6.344605886347842,321
6.190998924940727,5.9475871893854295,5.725684633982617,5.666635367416267,322
7.195997126495439,7.357195847643743,6.767480267037975,6.730044432348807,323
6.513893379113531,6.465036144947405,6.1557466134095495,6.0275253521845515,324
6.677886643902731,6.934786968739884,6.490960134542306,6.317487173562243,325
7.108655199480291,7.429018664321748,6.681312126112003,6.642088486372289,326
1.9791608394813966,1.3320871566193526,1.650755058096732,1.3409439799195777,327
6.914249253426536,7.116663650841858,6.558553440674326,6.4037683236724785,328
6.587807073624209,6.7472892036480765,6.451145851328995,6.284893446945846,329
5.936163818401997,5.665286650125448,5.505002230151812,5.524031639326801,330
6.65820770720816,6.814964156993824,6.393078419171212,6.27842264773741,331
6.810679810104055,6.9083795800939924,6.3991939708555785,6.348944471559545,332
6.980848098584188,7.084382240062287,6.512179041453204,6.473857637047884,333
6.490110091952769,6.5443963512749965,6.0373186682191,5.923594099647388,334
4.62471775983843,3.9969843654603454,4.130839474573541,3.624804936832433,335
6.0517102236425435,5.793907221362475,5.551879921555087,5.436749692641318,336
7.145909955316414,7.197454102582645,6.690081912934868,6.6108272650712765,337
6.614687518173258,6.722024392157543,6.17737094073691,6.158751618572074,338
7.143488218673273,7.2698444493800265,6.741658992983102,6.664675459687977,339
6.370186204254752,6.130013354315572,5.704823205158017,5.525727614285578,340
6.988722757884212,7.096680395027569,6.56653805311888,6.529810667965711,341
6.648567572968934,6.757831774173835,6.276533532822013,6.224683828581085,342
6.781722169284753,6.867265222053046,6.327620641174619,6.270551663201375,343
6.786360116013438,6.818097672075862,6.419625895977279,6.236424062017573,344
6.840987831525943,6.941439236140745,6.465669025195565,6.31534436778621,345
7.004849489653766,7.148775307176592,6.565881338693877,6.515089033655533,346
6.963816337816178,7.101645048773428,6.578859160862652,6.54457192680213,347
6.820426419568463,7.048939662927603,6.361698611194563,6.273895956405719,348
6.7166689075771995,6.735373102822405,6.319188475846802,6.123815615302438,349
6.6938715939348965,6.790030645444356,6.249840323479278,6.174604446629287,350
6.786627744081315,7.069199873083809,6.554044401555542,6.442171337582298,351
6.930127447502208,7.07055897165799,6.547580284474274,6.537662583593694,352
7.357484105293058,7.438209399468178,6.903569658967274,6.843526314930294,353
7.082311995835213,7.217512213445503,6.651604154087793,6.673992677149828,354
7.028795921323362,7.241738502093407,6.620335202762871,6.656219385779905,355
7.174843637824624,7.172954189292151,6.659878603734864,6.527472854571652,356
7.154481840815097,7.279056668071961,6.713279985771557,6.724067110997756,357
6.5446376612203,6.520372889533909,5.931286011697297,5.854256550165476,358
7.320240306053117,7.6213670119513965,6.873365555993383,6.789791398609089,359
7.074352995550747,7.0184239801341874,6.627479616086791,6.572466081302327,360
6.625317658358225,6.5248378647331435,6.180421589001036,6.124886205120146,361
6.781096822644167,6.618477880701608,6.369382975922447,6.223086836760317,362
3.013001082369637,2.920573361206087,3.1140613621316944,2.4780004684198036,363
6.731886857410991,6.855720553201445,6.368364515427441,6.286481156449451,364
6.854018800794046,6.931595473112507,6.524747164005499,6.439060519997146,365
6.723638244593025,6.946216584529756,6.428174001494669,6.2890882838602185,366
7.035356368536119,7.3649951236216165,6.74216377345475,6.743301061464839,367
7.241441204164918,7.353820385775679,6.795824648148917,6.69326225385542,368
7.0229796546858205,7.243140237745791,6.690732257895713,6.566720931014002,369
7.3025639561936035,7.544160813861259,6.840570007966304,6.785026949390536,370
7.195997126495439,7.357195847643743,6.767480267037975,6.730044432348807,371
6.481361964637027,6.391251716474446,5.942739788048688,5.7591730288435095,372
6.689903199908013,6.596545317757858,6.151571040362582,6.070510724196847,373
6.823898923793182,6.888522180516432,6.485734333200058,6.349608223937449,374
6.741464276696032,6.969349326069659,6.278616021308742,6.3983708061599724,375
6.950863671128282,7.02368640847351,6.555714889970641,6.457208631996987,376
6.773315378919379,6.96714323863758,6.38949084013258,6.348494502939127,377
6.799886650853873,6.829413629060145,6.387631054774068,6.30636031259431,378
7.352588366044518,7.366786491796024,6.798993202814224,6.804859057475653,379
6.678188017723439,6.662354799291922,6.225171516062306,6.164348055207002,380
5.062731740100805,4.519472753390954,4.7277137378129765,4.619717862436145,381
6.631400883034995,6.719477394695173,6.211738609036369,6.210901504070823,382
6.397373172312199,6.349740024924971,5.934382091827898,5.871923455868659,383
6.478770839684134,6.714928046861045,6.160857017106497,6.214291822278159,384
6.240134328739054,6.261779285391648,5.891215276868462,5.771197450255789,385
6.82284777290727,6.956376211522585,6.545192072265248,6.396873723437911,386
6.561917220929601,6.776833107609734,6.152055543973702,5.907700453837738,387
6.471400294575348,6.7177668405379904,6.1290909521042884,6.01618717163162,388
7.2429791796013046,7.443689659089958,6.8959025164289915,6.70623043796524,389
7.165989257245226,7.360925330282375,6.690357026681184,6.6052824235508565,390
6.866737276328342,7.107111498046013,6.520696850939536,6.348872824978576,391
7.250943979216952,7.284750861286884,6.683296936650517,6.608390329562193,392
6.308858731884059,6.1893200928519025,5.784563662905542,5.547771087021709,393
6.1984497383792645,5.973271927177119,5.761458052639732,5.609336286313471,394
7.364119502589699,7.577200041997103,7.050313413720478,6.875165712277553,395
5.753116464911162,5.323552733551912,5.512664901315812,5.068457980213022,396
6.685033172405241,6.739088071420944,6.328195415023477,6.296931940056316,397
7.018920922791626,7.407815204957414,6.764055014113424,6.712264941723972,398
5.732562159451466,5.7207258211275995,5.32624316901852,5.241796266569727,399
6.76564405794862,6.949156036888632,6.503016582258276,6.4357134265845195,400
5.953343121610089,5.585955275984318,5.640483774182989,5.425013153917828,401
5.67433869609861,5.4582567874512495,5.348975331137362,5.254339837808739,402
6.857916246395943,7.006330005208986,6.405286655335421,6.282473672390877,403
6.269455118803236,6.42247179006755,6.01891219204738,5.8297823504791,404
6.928354484823241,6.904493265543084,6.423626568703749,6.302627740044263,405
5.205033356007085,4.833650268701846,5.159964785415016,5.060517524571393,406
7.0363582808896465,7.210683846982151,6.652037704335517,6.605297404603962,407
7.348242625308268,7.531640132395173,6.878575161003716,6.838730517272837,408
6.570313388302572,6.875049132605799,6.246850465534345,6.066897192240153,409
6.821012409689959,7.117028106250942,6.4396989843642665,6.3473360871543045,410
6.673382070117323,6.902227165958269,6.335669561019813,6.242568793983856,411
6.403453116401091,6.711402732773752,6.192613175034084,5.948362562069592,412
6.271373040122415,6.237274639915516,5.753707554684197,5.7018966681311,413
6.263913899359459,6.124087796007778,5.76310321650362,5.700914782808056,414
6.805725165746079,6.770683174196043,6.310952116643681,6.271700058271345,415
6.783912413732738,6.988444899921321,6.441244209547303,6.3344163902663215,416
6.728380584542451,6.756799132979144,6.295129108491566,6.256949290062988,417
6.840728897878866,6.943038463412437,6.417821808130228,6.203178598733808,418
6.787786563685592,6.442399836382248,6.372402644487134,6.178667804586108,419
7.144923909972876,7.702435610684305,6.861811105412115,6.756239319612604,420
6.336176149276238,6.097650477129042,5.843761444775861,5.68697294747704,421
7.094039853363899,7.359665258485513,6.686977463535318,6.603507692337895,422
5.944028584614474,5.578294874891807,5.445974458614911,5.357677658980284,423
6.626578231646992,6.537616646243586,6.217889374002027,6.3361265462776775,424
6.917775450372808,6.933058430857652,6.4838749193344,6.433548776852426,425
6.286258606570677,5.935036819220293,5.71168695934775,5.635476160423076,426
6.884600572049046,7.158499667957674,6.408522652293805,6.2177013522017175,427
7.235667440027881,7.349557503936574,6.782173592484529,6.709904756187857,428
6.823281696834166,6.883060467605705,6.503125800985241,6.375411204258183,429
7.058214439116038,7.173035139500487,6.614712034806936,6.463302025305216,430
6.9470529389953555,7.221066695283864,6.527944648777905,6.462617782587659,431
6.359764190252238,6.2972203589936155,5.935056084148897,5.76576499388006,432
7.240863892691331,7.372914511596016,6.682047388874871,6.598474882434887,433
6.693766187337498,6.690328157335737,6.277033784879882,6.138129349356074,434
7.389995914121922,7.509005219002502,6.7762118316131055,6.689467915152438,435
7.054681592484528,7.164557618444528,6.6382626567204595,6.581443670850573,436
5.965109730796686,5.658619701584568,5.619601753501885,5.349672553662042,437
6.8829286422220886,7.004212387850384,6.515962375268909,6.420575819962199,438
6.29607323192662,6.195155750621179,5.8671641378410895,5.633696679679471,439
7.147287832481632,7.1493399666072,6.624507158821324,6.4062163956721605,440
6.206656334803507,6.066727932045153,5.7313357634692395,5.5012260128510535,441
7.290278420609231,7.473964664204412,6.852415975438923,6.748162078840474,442
6.410288777575932,6.473705197316383,6.192514442794817,6.097038633806561,443
5.11647381885099,5.050774589754319,4.481754599820111,4.427045195752922,444
6.657646974091742,6.510884612307095,6.214331470722754,6.069339078278882,445
6.95338395282802,6.9480809280354405,6.534652558987972,6.413644630653179,446
5.4665349338472105,5.136711679089394,5.011104486756114,4.859926623889123,447
6.3546558724882125,6.07770049226853,5.584959022354182,5.4832774768318755,448
6.794898929375513,6.930060805976563,6.425675254675585,6.383390836715843,449
6.742517560482544,6.981541974006123,6.341691606825861,6.360584864433499,450
3.3644603316739454,3.1150528096944794,3.653436104817687,3.47721721427803,451
7.247539585789411,7.370843168688627,6.931028779666763,6.898658303104983,452
7.068948269880345,7.2257174197050995,6.617455175058373,6.579522425784791,453
5.991085108341671,5.791646212908372,5.539975116918417,5.408764087309923,454
5.810303996143245,5.792485531104375,5.323571012996507,5.323262053335574,455
5.95436151622112,5.8988973731266325,5.506846219192273,5.3702759285669,456
6.823898923793182,6.888522180516432,6.485734333200058,6.349608223937449,457
6.733195448696527,6.78990681897948,6.322512567543282,6.242103494611793,458
6.934630317358688,7.168975063605495,6.553696085898555,6.56853164428294,459
6.571236979127294,6.849577769344371,5.964158149254862,5.854688211814703,460
7.172086569934924,7.325956247060146,6.617537330921746,6.571530543355856,461
6.370706153078305,6.482672503270795,5.944182213073411,5.852577277918192,462
7.638801407805192,7.7457889893468215,7.026673227540807,7.105294028893148,463
7.271147116411626,7.222390851102706,6.729607249376718,6.718102232805066,464
6.846862146485782,6.919934723689254,6.232413363072845,6.158592255361141,465
5.722939995592882,5.79455008502918,5.351359863099559,5.267109422454594,466
6.821024711838782,6.897271904612667,6.389760992664232,6.297827701644689,467
6.953041165084022,7.016084536402992,6.590073308350479,6.336035359497867,468
6.269332882363157,6.140576678629428,5.670721487454057,5.441185128462842,469
7.35297166184413,7.55949216387732,6.897075738126706,6.969837506970736,470
5.780511401517641,5.56538077556159,5.332280095378418,5.111369633745727,471
6.542103319505922,6.710434748653444,6.306993943038988,6.117467931654855,472
5.879668586599655,5.683351891109968,5.486214831738428,5.390245241522475,473
